{
    "__comment": "Model generated using MrCrayfish's Model Creator (https://mrcrayfish.com/tools?id=mc)",
    "textures": {
        "concrete_blue": "minecraft:blocks/concrete_blue",
        "wool_colored_cyan": "minecraft:blocks/wool_colored_cyan"
    },
    "display": {
        "gui": {
            "rotation": [ 30, 45, 0 ],
            "translation": [ 0, 0, 0 ],
            "scale": [ 0.625, 0.625, 0.625 ]
        },
        "ground": {
            "rotation": [ 0, 0, 0 ],
            "translation": [ 0, 3, 0 ],
            "scale": [ 0.25, 0.25, 0.25 ]
        },
        "fixed": {
            "rotation": [ 0, 180, 0 ],
            "translation": [ 0, 0, 0 ],
            "scale": [ 1, 1, 1 ]
        },
        "head": {
            "rotation": [ 0, 180, 0 ],
            "translation": [ 0, 0, 0 ],
            "scale": [ 1, 1, 1 ]
        },
        "firstperson_righthand": {
            "rotation": [ 0, 315, 0 ],
            "translation": [ 0, 2.5, 0 ],
            "scale": [ 0.4, 0.4, 0.4 ]
        },
        "thirdperson_righthand": {
            "rotation": [ 75, 315, 0 ],
            "translation": [ 0, 2.5, 0 ],
            "scale": [ 0.375, 0.375, 0.375 ]
        }
    },
    "elements": [
        {
            "name": "leg_1",
            "from": [ 1, 0, 2 ], 
            "to": [ 3, 8, 4 ], 
            "faces": {
                "north": { "texture": "#concrete_blue", "uv": [ 0, 0, 2, 8 ] },
                "east": { "texture": "#concrete_blue", "uv": [ 0, 0, 2, 8 ] },
                "south": { "texture": "#concrete_blue", "uv": [ 0, 0, 2, 8 ] },
                "west": { "texture": "#concrete_blue", "uv": [ 0, 0, 2, 8 ] },
                "down": { "texture": "#concrete_blue", "uv": [ 0, 0, 2, 2 ] }
            }
        },
        {
            "name": "leg_2",
            "from": [ 13, 0, 2 ], 
            "to": [ 15, 8, 4 ], 
            "faces": {
                "north": { "texture": "#concrete_blue", "uv": [ 0, 0, 2, 8 ] },
                "east": { "texture": "#concrete_blue", "uv": [ 0, 0, 2, 8 ] },
                "south": { "texture": "#concrete_blue", "uv": [ 0, 0, 2, 8 ] },
                "west": { "texture": "#concrete_blue", "uv": [ 0, 0, 2, 8 ] },
                "down": { "texture": "#concrete_blue", "uv": [ 0, 0, 2, 2 ] }
            }
        },
        {
            "name": "leg_3",
            "from": [ 13, 0, 13 ], 
            "to": [ 15, 8, 15 ], 
            "faces": {
                "north": { "texture": "#concrete_blue", "uv": [ 0, 0, 2, 8 ] },
                "east": { "texture": "#concrete_blue", "uv": [ 0, 0, 2, 8 ] },
                "south": { "texture": "#concrete_blue", "uv": [ 0, 0, 2, 8 ] },
                "west": { "texture": "#concrete_blue", "uv": [ 0, 0, 2, 8 ] },
                "down": { "texture": "#concrete_blue", "uv": [ 0, 0, 2, 2 ] }
            }
        },
        {
            "name": "leg_4",
            "from": [ 1, 0, 13 ], 
            "to": [ 3, 8, 15 ], 
            "faces": {
                "north": { "texture": "#concrete_blue", "uv": [ 0, 0, 2, 8 ] },
                "east": { "texture": "#concrete_blue", "uv": [ 0, 0, 2, 8 ] },
                "south": { "texture": "#concrete_blue", "uv": [ 0, 0, 2, 8 ] },
                "west": { "texture": "#concrete_blue", "uv": [ 0, 0, 2, 8 ] },
                "down": { "texture": "#concrete_blue", "uv": [ 0, 0, 2, 2 ] }
            }
        },
        {
            "name": "table",
            "from": [ 1, 8, 2 ], 
            "to": [ 15, 10, 15 ], 
            "faces": {
                "north": { "texture": "#wool_colored_cyan", "uv": [ 0, 0, 14, 2 ] },
                "east": { "texture": "#wool_colored_cyan", "uv": [ 0, 0, 13, 2 ] },
                "south": { "texture": "#wool_colored_cyan", "uv": [ 0, 0, 14, 2 ] },
                "west": { "texture": "#wool_colored_cyan", "uv": [ 0, 0, 13, 2 ] },
                "up": { "texture": "#wool_colored_cyan", "uv": [ 0, 0, 14, 13 ] },
                "down": { "texture": "#wool_colored_cyan", "uv": [ 0, 0, 14, 13 ] }
            }
        }
    ]
}